Name,Mbid,Listeners,Url,Image
Kill Cheerleader,255f5e5a-d530-4930-865f-f9dfbe8b066a,2196,https://www.last.fm/music/Kill+Cheerleader,https://lastfm.freetls.fastly.net/i/u/34s/2a96cbd8b46e442fc41c2b86b821562f.png
Cheryl Studer,cedc341e-0def-4e5b-988e-f58df78d872a,10331,https://www.last.fm/music/Cheryl+Studer,https://lastfm.freetls.fastly.net/i/u/34s/2a96cbd8b46e442fc41c2b86b821562f.png
Cherry Animals,,3983,https://www.last.fm/music/Cherry+Animals,https://lastfm.freetls.fastly.net/i/u/34s/2a96cbd8b46e442fc41c2b86b821562f.png
Cherrystones,b01d949b-5606-48ea-93ba-37161748cf56,15775,https://www.last.fm/music/Cherrystones,https://lastfm.freetls.fastly.net/i/u/34s/2a96cbd8b46e442fc41c2b86b821562f.png
Shura Cherkassky,3f240111-fdb8-4ab4-a579-7352d94b1579,9692,https://www.last.fm/music/Shura+Cherkassky,https://lastfm.freetls.fastly.net/i/u/34s/2a96cbd8b46e442fc41c2b86b821562f.png
Cheerful Depression,781dac03-3fa1-4ad8-b545-3187249665c5,3825,https://www.last.fm/music/Cheerful+Depression,https://lastfm.freetls.fastly.net/i/u/34s/2a96cbd8b46e442fc41c2b86b821562f.png
Cherym,,4039,https://www.last.fm/music/Cherym,https://lastfm.freetls.fastly.net/i/u/34s/2a96cbd8b46e442fc41c2b86b821562f.png
cheermusicpro,,977,https://www.last.fm/music/cheermusicpro,https://lastfm.freetls.fastly.net/i/u/34s/2a96cbd8b46e442fc41c2b86b821562f.png
Andy Cherry,d3603299-a4fe-4d95-abf4-0f4ce2b1c64b,6115,https://www.last.fm/music/Andy+Cherry,https://lastfm.freetls.fastly.net/i/u/34s/2a96cbd8b46e442fc41c2b86b821562f.png
Craspore & Chernoburkv,,2698,https://www.last.fm/music/Craspore+&+Chernoburkv,https://lastfm.freetls.fastly.net/i/u/34s/2a96cbd8b46e442fc41c2b86b821562f.png
cheerbleederz,,2830,https://www.last.fm/music/cheerbleederz,https://lastfm.freetls.fastly.net/i/u/34s/2a96cbd8b46e442fc41c2b86b821562f.png
Cherie,80233dbe-48a7-40d9-b370-d1f5f2145ae4,6574,https://www.last.fm/music/Cherie,https://lastfm.freetls.fastly.net/i/u/34s/2a96cbd8b46e442fc41c2b86b821562f.png
Cherry Laine,6d8fb494-7876-4bee-8811-bd96f1f964ce,5400,https://www.last.fm/music/Cherry+Laine,https://lastfm.freetls.fastly.net/i/u/34s/2a96cbd8b46e442fc41c2b86b821562f.png
Cherry Boom,aaa2a051-218d-4255-82f0-008b2986fa01,2786,https://www.last.fm/music/Cherry+Boom,https://lastfm.freetls.fastly.net/i/u/34s/2a96cbd8b46e442fc41c2b86b821562f.png
Militant Cheerleaders on the Move,1008aa30-b300-46a9-b07b-d73bde9b0627,7394,https://www.last.fm/music/Militant+Cheerleaders+on+the+Move,https://lastfm.freetls.fastly.net/i/u/34s/2a96cbd8b46e442fc41c2b86b821562f.png
Cheri Keaggy,56b9d4e0-6319-4baa-a027-a7c65aeb3dab,3300,https://www.last.fm/music/Cheri+Keaggy,https://lastfm.freetls.fastly.net/i/u/34s/2a96cbd8b46e442fc41c2b86b821562f.png
Chetreo,,1723,https://www.last.fm/music/Chetreo,https://lastfm.freetls.fastly.net/i/u/34s/2a96cbd8b46e442fc41c2b86b821562f.png
Cherry Beach,,4952,https://www.last.fm/music/Cherry+Beach,
Jolie Ch√©rie,ed109203-23e9-4795-bc55-b43179cb7a59,14106,https://www.last.fm/music/Jolie+Ch%C3%A9rie,https://lastfm.freetls.fastly.net/i/u/34s/2a96cbd8b46e442fc41c2b86b821562f.png
Cherem,21344599-1195-4600-ae9a-b804f3e59606,2128,https://www.last.fm/music/Cherem,https://lastfm.freetls.fastly.net/i/u/34s/2a96cbd8b46e442fc41c2b86b821562f.png
Jolie Cherie,,10632,https://www.last.fm/music/Jolie+Cherie,https://lastfm.freetls.fastly.net/i/u/34s/2a96cbd8b46e442fc41c2b86b821562f.png
Cheryl K. Warner,,88,https://www.last.fm/music/Cheryl+K.+Warner,
Cheryl K,,4420,https://www.last.fm/music/Cheryl+K,https://lastfm.freetls.fastly.net/i/u/34s/2a96cbd8b46e442fc41c2b86b821562f.png
Cherish feat. Yung Joc,e82500a8-70ce-46ad-a028-b0690420d560,8527,https://www.last.fm/music/Cherish+feat.+Yung+Joc,https://lastfm.freetls.fastly.net/i/u/34s/2a96cbd8b46e442fc41c2b86b821562f.png
CherryB,,2186,https://www.last.fm/music/CherryB,https://lastfm.freetls.fastly.net/i/u/34s/2a96cbd8b46e442fc41c2b86b821562f.png
Nicole Cherry,,3549,https://www.last.fm/music/Nicole+Cherry,https://lastfm.freetls.fastly.net/i/u/34s/2a96cbd8b46e442fc41c2b86b821562f.png
Cheprox,,4186,https://www.last.fm/music/Cheprox,https://lastfm.freetls.fastly.net/i/u/34s/2a96cbd8b46e442fc41c2b86b821562f.png
Cherry Five,f06c61e5-b53a-4209-b368-d07f649b09ca,4647,https://www.last.fm/music/Cherry+Five,https://lastfm.freetls.fastly.net/i/u/34s/2a96cbd8b46e442fc41c2b86b821562f.png
Alena Cherny,,5655,https://www.last.fm/music/Alena+Cherny,https://lastfm.freetls.fastly.net/i/u/34s/2a96cbd8b46e442fc41c2b86b821562f.png
Cherry Stone,c53b3dac-c9c3-45b5-84a0-bc6062940d31,8026,https://www.last.fm/music/Cherry+Stone,https://lastfm.freetls.fastly.net/i/u/34s/2a96cbd8b46e442fc41c2b86b821562f.png
